{"cameraMode":{"drawMode":0,"name":"Shaded","section":"Shading Mode"},"sceneLighting":true,"audioPlay":false,"sceneViewState":{"m_AlwaysRefresh":false,"showFog":true,"showSkybox":true,"showFlares":true,"showImageEffects":true,"showParticleSystems":true,"showVisualEffectGraphs":true,"m_FxEnabled":true},"in2DMode":false,"pivot":{"x":0.9360032081604004,"y":32.9323844909668,"z":-21.524946212768556},"rotation":{"x":0.39917540550231936,"y":-0.14751024544239045,"z":0.06523878872394562,"w":0.9025810956954956},"size":29.371368408203126,"orthographic":false}